{
	"credit": "Made with Blockbench",
	"texture_size": [128, 128],
	"textures": {
		"0": "custom/crates/loot_crate"
	},
	"elements": [
		{
			"from": [9.77402, 1.49406, 7.5],
			"to": [10.77402, 7.49406, 8.5],
			"rotation": {"angle": 0, "axis": "y", "origin": [8.6383, 8.20744, 8]},
			"faces": {
				"north": {"uv": [1, 1.75, 0.875, 1], "rotation": 180, "texture": "#0"},
				"east": {"uv": [0.75, 1.75, 0, 1.875], "rotation": 270, "texture": "#0"},
				"south": {"uv": [0.875, 1, 0.75, 1.75], "texture": "#0"},
				"west": {"uv": [1.625, 1.75, 0.875, 1.875], "rotation": 90, "texture": "#0"},
				"up": {"uv": [1.625, 1.875, 1.75, 1.75], "texture": "#0"},
				"down": {"uv": [0.75, 1.875, 0.875, 1.75], "rotation": 180, "texture": "#0"}
			}
		},
		{
			"from": [6.77402, 1.49406, 7.5],
			"to": [9.77402, 2.49406, 8.5],
			"rotation": {"angle": 0, "axis": "y", "origin": [8.6383, 8.20744, 8]},
			"faces": {
				"north": {"uv": [0.875, 6.75, 0.5, 6.625], "rotation": 180, "texture": "#0"},
				"east": {"uv": [0.125, 6.75, 0, 6.875], "rotation": 270, "texture": "#0"},
				"south": {"uv": [0.5, 6.625, 0.125, 6.75], "texture": "#0"},
				"west": {"uv": [0.625, 6.75, 0.5, 6.875], "rotation": 90, "texture": "#0"},
				"up": {"uv": [0.625, 6.875, 1, 6.75], "texture": "#0"},
				"down": {"uv": [0.125, 6.875, 0.5, 6.75], "rotation": 180, "texture": "#0"}
			}
		},
		{
			"from": [5.77402, 1.49406, 7.5],
			"to": [6.77402, 7.49406, 8.5],
			"rotation": {"angle": 0, "axis": "y", "origin": [8.6383, 8.20744, 8]},
			"faces": {
				"north": {"uv": [1, 0.75, 0.875, 0], "rotation": 180, "texture": "#0"},
				"east": {"uv": [0.75, 0.75, 0, 0.875], "rotation": 270, "texture": "#0"},
				"south": {"uv": [0.875, 0, 0.75, 0.75], "texture": "#0"},
				"west": {"uv": [1.625, 0.75, 0.875, 0.875], "rotation": 90, "texture": "#0"},
				"up": {"uv": [1.625, 0.875, 1.75, 0.75], "texture": "#0"},
				"down": {"uv": [0.75, 0.875, 0.875, 0.75], "rotation": 180, "texture": "#0"}
			}
		},
		{
			"from": [7.77402, 4.49406, 7.5],
			"to": [8.77402, 14.49406, 8.5],
			"rotation": {"angle": 0, "axis": "y", "origin": [8.6383, 8.20744, 8]},
			"faces": {
				"north": {"uv": [1.5, 8.625, 1.375, 7.375], "rotation": 180, "texture": "#0", "tintindex": 0},
				"east": {"uv": [1.25, 8.625, 0, 8.75], "rotation": 270, "texture": "#0", "tintindex": 0},
				"south": {"uv": [1.375, 7.375, 1.25, 8.625], "texture": "#0", "tintindex": 0},
				"west": {"uv": [1.375, 8.625, 2.625, 8.75], "rotation": 90, "texture": "#0", "tintindex": 0},
				"up": {"uv": [2.625, 8.75, 2.75, 8.625], "texture": "#0", "tintindex": 0},
				"down": {"uv": [1.25, 8.75, 1.375, 8.625], "rotation": 180, "texture": "#0", "tintindex": 0}
			}
		},
		{
			"from": [6.77402, 5.49406, 7],
			"to": [9.77402, 6.49406, 9],
			"rotation": {"angle": 0, "axis": "y", "origin": [8.6383, 8.20744, 8]},
			"faces": {
				"north": {"uv": [4.125, 7.5, 3.75, 7.375], "rotation": 180, "texture": "#0"},
				"east": {"uv": [3.375, 7.5, 3.25, 7.75], "rotation": 270, "texture": "#0"},
				"south": {"uv": [3.75, 7.375, 3.375, 7.5], "texture": "#0"},
				"west": {"uv": [3.875, 7.5, 3.75, 7.75], "rotation": 90, "texture": "#0"},
				"up": {"uv": [3.875, 7.75, 4.25, 7.5], "texture": "#0"},
				"down": {"uv": [3.375, 7.75, 3.75, 7.5], "rotation": 180, "texture": "#0"}
			}
		},
		{
			"from": [6.77402, 10.49406, 7.5],
			"to": [10.77402, 11.49406, 8.5],
			"rotation": {"angle": 0, "axis": "y", "origin": [8.6383, 8.20744, 8]},
			"faces": {
				"north": {"uv": [6.5, 4, 6, 3.875], "rotation": 180, "texture": "#0", "tintindex": 0},
				"east": {"uv": [5.5, 4, 5.375, 4.125], "rotation": 270, "texture": "#0", "tintindex": 0},
				"south": {"uv": [6, 3.875, 5.5, 4], "texture": "#0", "tintindex": 0},
				"west": {"uv": [6.125, 4, 6, 4.125], "rotation": 90, "texture": "#0", "tintindex": 0},
				"up": {"uv": [6.125, 4.125, 6.625, 4], "texture": "#0", "tintindex": 0},
				"down": {"uv": [5.5, 4.125, 6, 4], "rotation": 180, "texture": "#0", "tintindex": 0}
			}
		},
		{
			"from": [8.77402, 12.49406, 7.5],
			"to": [10.77402, 13.49406, 8.5],
			"rotation": {"angle": 0, "axis": "y", "origin": [8.6383, 8.20744, 8]},
			"faces": {
				"north": {"uv": [6, 2.75, 5.75, 2.625], "rotation": 180, "texture": "#0", "tintindex": 0},
				"east": {"uv": [5.5, 2.75, 5.375, 2.875], "rotation": 270, "texture": "#0", "tintindex": 0},
				"south": {"uv": [5.75, 2.625, 5.5, 2.75], "texture": "#0", "tintindex": 0},
				"west": {"uv": [5.875, 2.75, 5.75, 2.875], "rotation": 90, "texture": "#0", "tintindex": 0},
				"up": {"uv": [5.875, 2.875, 6.125, 2.75], "texture": "#0", "tintindex": 0},
				"down": {"uv": [5.5, 2.875, 5.75, 2.75], "rotation": 180, "texture": "#0", "tintindex": 0}
			}
		},
		{
			"from": [3.58185, 12.04161, 7.5],
			"to": [4.58185, 15.04161, 8.5],
			"rotation": {"angle": -45, "axis": "z", "origin": [8.6383, 8.20744, 8]},
			"faces": {
				"north": {"uv": [4.5, 6.125, 4.375, 5.75], "rotation": 180, "texture": "#0", "tintindex": 0},
				"east": {"uv": [4.25, 6.125, 3.875, 6.25], "rotation": 270, "texture": "#0", "tintindex": 0},
				"south": {"uv": [4.375, 5.75, 4.25, 6.125], "texture": "#0", "tintindex": 0},
				"west": {"uv": [4.75, 6.125, 4.375, 6.25], "rotation": 90, "texture": "#0", "tintindex": 0},
				"up": {"uv": [4.75, 6.25, 4.875, 6.125], "texture": "#0", "tintindex": 0},
				"down": {"uv": [4.25, 6.25, 4.375, 6.125], "rotation": 180, "texture": "#0", "tintindex": 0}
			}
		}
	],
	"display": {
		"thirdperson_righthand": {
			"translation": [-0.25, 3, 1],
			"scale": [0.55, 0.55, 0.55]
		},
		"thirdperson_lefthand": {
			"translation": [0, 3, 1],
			"scale": [0.55, 0.55, 0.55]
		},
		"firstperson_righthand": {
			"rotation": [0, -90, 25],
			"translation": [1.13, 3.2, 1.13],
			"scale": [0.68, 0.68, 0.68]
		},
		"firstperson_lefthand": {
			"rotation": [0, -90, 25],
			"translation": [1.13, 3.2, 1.13],
			"scale": [0.68, 0.68, 0.68]
		},
		"ground": {
			"translation": [0, 2, 0],
			"scale": [0.5, 0.5, 0.5]
		},
		"gui": {
			"rotation": [30, 225, 0]
		},
		"head": {
			"rotation": [0, 180, 0],
			"translation": [0, 13, 0]
		},
		"fixed": {
			"rotation": [0, 180, 0],
			"translation": [0, -1, -0.25],
			"scale": [1.75, 1.75, 1.75]
		}
	},
	"groups": [
		{
			"name": "group",
			"origin": [-5.52513, 0.5, 14.76777],
			"children": [0, 1, 2, 3, 4, 5, 6, 7]
		}
	]
}
